0.0,0.0
0.0,0.0
0.0,0.0
0.0,0.0
0.0,0.0
-247.7489788099418,-116.56436663536904
0.0,0.0
0.0,0.0
0.0,0.0
0.0,0.0
0.0,0.0
0.0,0.0
0.0,0.0
0.0,0.0
0.0,0.0
0.0,0.0
0.0,0.0
0.0,0.0
0.0,0.0
0.0,0.0
0.0,0.0
0.0,0.0
0.0,0.0
0.0,0.0
0.0,0.0
0.0,0.0
0.0,0.0
0.0,0.0
0.0,0.0
0.0,0.0
0.0,0.0
0.0,0.0
0.0,0.0
0.0,0.0
0.0,0.0
0.0,0.0
0.0,0.0
0.0,0.0
0.0,0.0
0.0,0.0
-412.97407300034087,-30.10010692648403
0.0,0.0
0.0,0.0
0.0,0.0
0.0,0.0
0.0,0.0
0.0,0.0
0.0,0.0
0.0,0.0
0.0,0.0
0.0,0.0
0.0,0.0
0.0,0.0
293.418106565909,209.74006660696992
0.0,0.0
0.0,0.0
0.0,0.0
0.0,0.0
0.0,0.0
0.0,0.0
0.0,0.0
0.0,0.0
0.0,0.0
0.0,0.0
0.0,0.0
274.20366680124846,591.1154172824502
0.0,0.0
0.0,0.0
0.0,0.0
0.0,0.0
0.0,0.0
0.0,0.0
0.0,0.0
0.0,0.0
0.0,0.0
0.0,0.0
0.0,0.0
0.0,0.0
0.0,0.0
0.0,0.0
0.0,0.0
0.0,0.0
0.0,0.0
0.0,0.0
0.0,0.0
0.0,0.0
0.0,0.0
0.0,0.0
0.0,0.0
0.0,0.0
0.0,0.0
0.0,0.0
0.0,0.0
0.0,0.0
0.0,0.0
0.0,0.0
-64.67829814503588,67.93968320908799
0.0,0.0
-1223.4285634015894,779.5929351417568
0.0,0.0
0.0,0.0
0.0,0.0
-436.88726267372994,54.98942207095192
0.0,0.0
0.0,0.0
0.0,0.0
0.0,0.0
0.0,0.0
-623.5676017287923,141.5996961622821
0.0,0.0
0.0,0.0
0.0,0.0
0.0,0.0
0.0,0.0
0.0,0.0
0.0,0.0
0.0,0.0
132.4489200966967,-13.032979099290417
0.0,0.0
0.0,0.0
0.0,0.0
0.0,0.0
0.0,0.0
0.0,0.0
0.0,0.0
0.0,0.0
0.0,0.0
0.0,0.0
0.0,0.0
0.0,0.0
0.0,0.0
0.0,0.0
0.0,0.0
0.0,0.0
0.0,0.0
0.0,0.0
0.0,0.0
0.0,0.0
-441.162265082929,-1099.254856854007
0.0,0.0
0.0,0.0
0.0,0.0
0.0,0.0
0.0,0.0
0.0,0.0
0.0,0.0
0.0,0.0
0.0,0.0
0.0,0.0
0.0,0.0
0.0,0.0
0.0,0.0
-3575.07963309115,835.7491668186724
0.0,0.0
0.0,0.0
0.0,0.0
0.0,0.0
0.0,0.0
0.0,0.0
0.0,0.0
0.0,0.0
0.0,0.0
0.0,0.0
0.0,0.0
0.0,0.0
0.0,0.0
0.0,0.0
0.0,0.0
0.0,0.0
0.0,0.0
0.0,0.0
0.0,0.0
0.0,0.0
0.0,0.0
0.0,0.0
0.0,0.0
0.0,0.0
0.0,0.0
0.0,0.0
0.0,0.0
0.0,0.0
0.0,0.0
0.0,0.0
0.0,0.0
0.0,0.0
0.0,0.0
-621.6022319423115,-526.8317414516356
-599.9160428723708,296.81393819380196
-1009.9902122748167,1715.7995011349042
0.0,0.0
493.66376248633424,-390.7836750572825
0.0,0.0
0.0,0.0
0.0,0.0
0.0,0.0
0.0,0.0
0.0,0.0
0.0,0.0
0.0,0.0
0.0,0.0
0.0,0.0
0.0,0.0
0.0,0.0
0.0,0.0
0.0,0.0
0.0,0.0
0.0,0.0
0.0,0.0
0.0,0.0
0.0,0.0
0.0,0.0
0.0,0.0
0.0,0.0
0.0,0.0
0.0,0.0
0.0,0.0
0.0,0.0
0.0,0.0
865.1745657466811,-222.08363063289997
0.0,0.0
0.0,0.0
0.0,0.0
0.0,0.0
0.0,0.0
0.0,0.0
0.0,0.0
0.0,0.0
0.0,0.0
0.0,0.0
0.0,0.0
0.0,0.0
0.0,0.0
328.07883105858906,124.39103875961258
0.0,0.0
0.0,0.0
0.0,0.0
0.0,0.0
0.0,0.0
0.0,0.0
0.0,0.0
0.0,0.0
0.0,0.0
0.0,0.0
0.0,0.0
185.50217268879462,27.242170449320508
0.0,0.0
0.0,0.0
0.0,0.0
0.0,0.0
0.0,0.0
735.3500801849909,-402.14754388142256
0.0,0.0
0.0,0.0
0.0,0.0
0.0,0.0
222.76883175310383,-329.9970880058724
0.0,0.0
0.0,0.0
0.0,0.0
0.0,0.0
0.0,0.0
0.0,0.0
0.0,0.0
0.0,0.0
0.0,0.0
0.0,0.0
0.0,0.0
0.0,0.0
0.0,0.0
0.0,0.0
0.0,0.0
0.0,0.0
0.0,0.0
0.0,0.0
0.0,0.0
0.0,0.0
0.0,0.0
0.0,0.0
0.0,0.0
0.0,0.0
0.0,0.0
0.0,0.0
0.0,0.0
0.0,0.0
0.0,0.0
0.0,0.0
0.0,0.0
0.0,0.0
0.0,0.0
0.0,0.0
0.0,0.0
0.0,0.0
0.0,0.0
0.0,0.0
0.0,0.0
0.0,0.0
0.0,0.0
0.0,0.0
0.0,0.0
0.0,0.0
0.0,0.0
0.0,0.0
0.0,0.0
0.0,0.0
-298.9531578417957,-317.9045357869673
0.0,0.0
0.0,0.0
0.0,0.0
0.0,0.0
0.0,0.0
0.0,0.0
2145.3001083783306,-636.0558101172572
0.0,0.0
797.561925992734,560.4684890092961
0.0,0.0
0.0,0.0
0.0,0.0
0.0,0.0
0.0,0.0
0.0,0.0
0.0,0.0
0.0,0.0
933.4014274513098,118.66826572468167
0.0,0.0
0.0,0.0
0.0,0.0
0.0,0.0
0.0,0.0
209.70639475486047,-212.3500454853099
0.0,0.0
0.0,0.0
0.0,0.0
0.0,0.0
0.0,0.0
0.0,0.0
0.0,0.0
0.0,0.0
0.0,0.0
0.0,0.0
0.0,0.0
0.0,0.0
-846.3239390683649,-1018.4403402174155
0.0,0.0
525.1158898186038,662.9359881403938
0.0,0.0
0.0,0.0
0.0,0.0
0.0,0.0
-1100.1037190467416,-121.39173691201128
1231.9776125834762,992.1491703086964
0.0,0.0
4327.965183126394,-3702.3167244557976
0.0,0.0
0.0,0.0
0.0,0.0
0.0,0.0
0.0,0.0
0.0,0.0
436.15376805449057,-126.02178675051871
0.0,0.0
0.0,0.0
0.0,0.0
0.0,0.0
0.0,0.0
0.0,0.0
0.0,0.0
0.0,0.0
0.0,0.0
0.0,0.0
0.0,0.0
0.0,0.0
0.0,0.0
0.0,0.0
0.0,0.0
0.0,0.0
0.0,0.0
0.0,0.0
0.0,0.0
0.0,0.0
0.0,0.0
0.0,0.0
0.0,0.0
0.0,0.0
0.0,0.0
0.0,0.0
0.0,0.0
0.0,0.0
0.0,0.0
0.0,0.0
0.0,0.0
0.0,0.0
0.0,0.0
0.0,0.0
0.0,0.0
0.0,0.0
0.0,0.0
0.0,0.0
0.0,0.0
0.0,0.0
0.0,0.0
0.0,0.0
0.0,0.0
-7.974022406136162,574.7761362297688
376.343197409752,-1041.3003002499054
0.0,0.0
0.0,0.0
-3033.991267208969,-372.99923693478416
0.0,0.0
0.0,0.0
0.0,0.0
0.0,0.0
0.0,0.0
0.0,0.0
0.0,0.0
0.0,0.0
0.0,0.0
0.0,0.0
0.0,0.0
0.0,0.0
0.0,0.0
1546.8756321394274,706.04047988702
0.0,0.0
0.0,0.0
0.0,0.0
0.0,0.0
0.0,0.0
836.095376758962,-194.65266963817882
0.0,0.0
-211.93308339858828,-211.259675376271
0.0,0.0
0.0,0.0
0.0,0.0
0.0,0.0
0.0,0.0
0.0,0.0
0.0,0.0
0.0,0.0
0.0,0.0
0.0,0.0
0.0,0.0
-39.00149452381052,-644.9537112137607
-1414.7766553703768,1575.154550634904
0.0,0.0
0.0,0.0
0.0,0.0
0.0,0.0
0.0,0.0
0.0,0.0
0.0,0.0
0.0,0.0
0.0,0.0
0.0,0.0
0.0,0.0
0.0,0.0
447.16008529342815,-422.9204745233874
0.0,0.0
0.0,0.0
0.0,0.0
0.0,0.0
0.0,0.0
0.0,0.0
0.0,0.0
0.0,0.0
0.0,0.0
0.0,0.0
0.0,0.0
0.0,0.0
-410.2915669116569,800.6237768304529
0.0,0.0
0.0,0.0
0.0,0.0
0.0,0.0
0.0,0.0
0.0,0.0
-274.89411882128167,-769.1757526753893
0.0,0.0
0.0,0.0
0.0,0.0
0.0,0.0
0.0,0.0
0.0,0.0
0.0,0.0
0.0,0.0
0.0,0.0
0.0,0.0
0.0,0.0
0.0,0.0
0.0,0.0
0.0,0.0
0.0,0.0
0.0,0.0
0.0,0.0
0.0,0.0
0.0,0.0
0.0,0.0
0.0,0.0
0.0,0.0
0.0,0.0
0.0,0.0
272.553953652058,-164.9459947512289
0.0,0.0
0.0,0.0
0.0,0.0
0.0,0.0
0.0,0.0
640.3755107338509,-271.0624739963524
612.222654853236,-410.9586792967025
0.0,0.0
0.0,0.0
0.0,0.0
0.0,0.0
0.0,0.0
0.0,0.0
0.0,0.0
0.0,0.0
0.0,0.0
-974.3442343673937,546.0072435275332
0.0,0.0
0.0,0.0
0.0,0.0
0.0,0.0
0.0,0.0
0.0,0.0
0.0,0.0
0.0,0.0
0.0,0.0
0.0,0.0
0.0,0.0
-887.0447016192769,542.4070323944428
0.0,0.0
0.0,0.0
0.0,0.0
-990.0835606386196,-18.085353475000023
0.0,0.0
0.0,0.0
0.0,0.0
0.0,0.0
0.0,0.0
0.0,0.0
0.0,0.0
0.0,0.0
0.0,0.0
0.0,0.0
0.0,0.0
0.0,0.0
0.0,0.0
3937.058753109432,4151.996517675076
0.0,0.0
0.0,0.0
0.0,0.0
0.0,0.0
-1315.8573037226774,-394.59821867393293
82.19458891273295,89.26979762116463
0.0,0.0
0.0,0.0
0.0,0.0
0.0,0.0
0.0,0.0
0.0,0.0
0.0,0.0
0.0,0.0
0.0,0.0
0.0,0.0
0.0,0.0
0.0,0.0
-440.91678528156393,482.32274350334956
0.0,0.0
751.8303407171863,-83.31815643832232
0.0,0.0
0.0,0.0
0.0,0.0
0.0,0.0
0.0,0.0
0.0,0.0
0.0,0.0
0.0,0.0
0.0,0.0
0.0,0.0
0.0,0.0
0.0,0.0
0.0,0.0
0.0,0.0
0.0,0.0
0.0,0.0
0.0,0.0
190.9564180620793,-230.826422808106
-310.9736743276815,-470.37607916387594
0.0,0.0
0.0,0.0
0.0,0.0
0.0,0.0
0.0,0.0
-1755.772986579776,-350.2852141673056
0.0,0.0
0.0,0.0
0.0,0.0
0.0,0.0
0.0,0.0
0.0,0.0
0.0,0.0
0.0,0.0
0.0,0.0
0.0,0.0
0.0,0.0
-37.226760752085035,168.11966403603395
0.0,0.0
-128.79914641147406,-182.39502494057038
0.0,0.0
-1333.6623225060932,-3023.492597513679
0.0,0.0
0.0,0.0
0.0,0.0
-31.093273986279534,249.96433018444537
0.0,0.0
0.0,0.0
0.0,0.0
0.0,0.0
0.0,0.0
0.0,0.0
0.0,0.0
0.0,0.0
0.0,0.0
0.0,0.0
0.0,0.0
0.0,0.0
0.0,0.0
0.0,0.0
0.0,0.0
0.0,0.0
0.0,0.0
0.0,0.0
0.0,0.0
0.0,0.0
0.0,0.0
0.0,0.0
471.5343067041626,1629.8633035888736
837.256425892777,21.201083442809008
0.0,0.0
2076.7027391434563,-2629.57643359228
0.0,0.0
0.0,0.0
0.0,0.0
0.0,0.0
0.0,0.0
0.0,0.0
0.0,0.0
0.0,0.0
0.0,0.0
0.0,0.0
0.0,0.0
0.0,0.0
0.0,0.0
-710.7643723518071,163.76537149210023
0.0,0.0
0.0,0.0
0.0,0.0
290.2382408078586,127.28941944164849
0.0,0.0
0.0,0.0
0.0,0.0
982.1248295629765,715.9047614768244
0.0,0.0
340.16301765093834,320.21740081277323
0.0,0.0
0.0,0.0
0.0,0.0
0.0,0.0
0.0,0.0
0.0,0.0
0.0,0.0
0.0,0.0
0.0,0.0
0.0,0.0
498.4485483998819,278.5154083141684
0.0,0.0
0.0,0.0
0.0,0.0
0.0,0.0
0.0,0.0
1660.7027789639285,-246.79919009283287
0.0,0.0
0.0,0.0
0.0,0.0
0.0,0.0
0.0,0.0
0.0,0.0
0.0,0.0
0.0,0.0
0.0,0.0
0.0,0.0
0.0,0.0
0.0,0.0
0.0,0.0
0.0,0.0
0.0,0.0
0.0,0.0
0.0,0.0
0.0,0.0
-211.51633161486026,-1450.8749227855687
0.0,0.0
0.0,0.0
0.0,0.0
0.0,0.0
0.0,0.0
-196.99505710126627,2620.4376334478998
0.0,0.0
0.0,0.0
0.0,0.0
0.0,0.0
0.0,0.0
-256.7070362325084,1923.4925156954853
0.0,0.0
0.0,0.0
0.0,0.0
0.0,0.0
0.0,0.0
0.0,0.0
0.0,0.0
0.0,0.0
0.0,0.0
0.0,0.0
-4488.349892066508,-457.06526454568456
0.0,0.0
0.0,0.0
0.0,0.0
0.0,0.0
0.0,0.0
0.0,0.0
0.0,0.0
0.0,0.0
0.0,0.0
0.0,0.0
0.0,0.0
0.0,0.0
0.0,0.0
0.0,0.0
0.0,0.0
0.0,0.0
0.0,0.0
0.0,0.0
0.0,0.0
0.0,0.0
0.0,0.0
0.0,0.0
0.0,0.0
0.0,0.0
0.0,0.0
0.0,0.0
0.0,0.0
0.0,0.0
0.0,0.0
0.0,0.0
0.0,0.0
0.0,0.0
0.0,0.0
0.0,0.0
0.0,0.0
0.0,0.0
0.0,0.0
0.0,0.0
0.0,0.0
-222.8581837400042,586.9710012298297
686.4985083797926,2613.819825504493
0.0,0.0
351.3438856319673,1760.9067499332195
0.0,0.0
0.0,0.0
0.0,0.0
0.0,0.0
0.0,0.0
0.0,0.0
-400.2858908981084,14.536585845419587
0.0,0.0
0.0,0.0
0.0,0.0
0.0,0.0
0.0,0.0
0.0,0.0
0.0,0.0
0.0,0.0
0.0,0.0
0.0,0.0
0.0,0.0
0.0,0.0
0.0,0.0
0.0,0.0
0.0,0.0
0.0,0.0
0.0,0.0
1022.349465895505,1052.2448586594473
0.0,0.0
0.0,0.0
0.0,0.0
0.0,0.0
0.0,0.0
0.0,0.0
0.0,0.0
-1686.6501460667796,-108.59360028303368
0.0,0.0
0.0,0.0
0.0,0.0
0.0,0.0
0.0,0.0
0.0,0.0
0.0,0.0
0.0,0.0
0.0,0.0
0.0,0.0
0.0,0.0
0.0,0.0
0.0,0.0
0.0,0.0
0.0,0.0
830.0851852468268,669.0027102625457
0.0,0.0
0.0,0.0
0.0,0.0
0.0,0.0
0.0,0.0
0.0,0.0
0.0,0.0
0.0,0.0
0.0,0.0
0.0,0.0
0.0,0.0
0.0,0.0
0.0,0.0
99.36142183166069,9.220246890694751
0.0,0.0
0.0,0.0
-909.2756635606754,-151.09988416915928
0.0,0.0
0.0,0.0
0.0,0.0
0.0,0.0
0.0,0.0
-1304.1479946009276,283.85819975686763
0.0,0.0
0.0,0.0
0.0,0.0
0.0,0.0
0.0,0.0
0.0,0.0
0.0,0.0
0.0,0.0
-1962.472336049032,-1755.4551371465589
0.0,0.0
0.0,0.0
0.0,0.0
0.0,0.0
0.0,0.0
0.0,0.0
0.0,0.0
0.0,0.0
0.0,0.0
0.0,0.0
0.0,0.0
0.0,0.0
0.0,0.0
0.0,0.0
0.0,0.0
0.0,0.0
0.0,0.0
0.0,0.0
0.0,0.0
0.0,0.0
0.0,0.0
0.0,0.0
0.0,0.0
0.0,0.0
0.0,0.0
0.0,0.0
0.0,0.0
0.0,0.0
0.0,0.0
-611.3378280463737,264.5220402152703
0.0,0.0
0.0,0.0
-1083.5069636249677,1017.4066126670905
0.0,0.0
0.0,0.0
0.0,0.0
0.0,0.0
0.0,0.0
0.0,0.0
0.0,0.0
0.0,0.0
157.76575100502464,-1186.268212029358
0.0,0.0
0.0,0.0
0.0,0.0
353.35895239825675,153.7659732980586
-154.31589426231963,1110.9714959455735
0.0,0.0
0.0,0.0
0.0,0.0
0.0,0.0
0.0,0.0
0.0,0.0
0.0,0.0
0.0,0.0
0.0,0.0
0.0,0.0
0.0,0.0
0.0,0.0
0.0,0.0
0.0,0.0
0.0,0.0
0.0,0.0
0.0,0.0
0.0,0.0
0.0,0.0
0.0,0.0
0.0,0.0
0.0,0.0
718.0989526808172,561.7223266791469
0.0,0.0
0.0,0.0
0.0,0.0
0.0,0.0
0.0,0.0
0.0,0.0
0.0,0.0
0.0,0.0
0.0,0.0
0.0,0.0
0.0,0.0
0.0,0.0
0.0,0.0
0.0,0.0
0.0,0.0
0.0,0.0
0.0,0.0
0.0,0.0
0.0,0.0
0.0,0.0
0.0,0.0
0.0,0.0
0.0,0.0
0.0,0.0
0.0,0.0
0.0,0.0
0.0,0.0
-266.4787191887172,-28.7384659611739
0.0,0.0
0.0,0.0
0.0,0.0
0.0,0.0
0.0,0.0
0.0,0.0
0.0,0.0
0.0,0.0
0.0,0.0
0.0,0.0
1910.8977737404252,893.3271322439797
-873.187101736894,-271.4428407765338
0.0,0.0
0.0,0.0
0.0,0.0
-162.74107743544056,-79.45930091264412
0.0,0.0
0.0,0.0
0.0,0.0
0.0,0.0
0.0,0.0
0.0,0.0
0.0,0.0
0.0,0.0
0.0,0.0
0.0,0.0
0.0,0.0
0.0,0.0
0.0,0.0
0.0,0.0
0.0,0.0
-367.5260728758514,-349.7839310809102
0.0,0.0
-405.64404870105466,-1482.1891185254608
0.0,0.0
0.0,0.0
0.0,0.0
0.0,0.0
0.0,0.0
0.0,0.0
0.0,0.0
-487.4607288295663,25.510134003042083
0.0,0.0
0.0,0.0
0.0,0.0
0.0,0.0
0.0,0.0
0.0,0.0
0.0,0.0
0.0,0.0
0.0,0.0
0.0,0.0
0.0,0.0
0.0,0.0
0.0,0.0
0.0,0.0
0.0,0.0
0.0,0.0
0.0,0.0
0.0,0.0
2159.5346875316477,-1355.0034308753836
0.0,0.0
0.0,0.0
0.0,0.0
0.0,0.0
0.0,0.0
0.0,0.0
0.0,0.0
0.0,0.0
2320.346545043887,-21.89177905722937
0.0,0.0
0.0,0.0
0.0,0.0
0.0,0.0
-1712.7742399637439,-254.41827750327934
0.0,0.0
0.0,0.0
0.0,0.0
0.0,0.0
0.0,0.0
0.0,0.0
0.0,0.0
0.0,0.0
0.0,0.0
0.0,0.0
0.0,0.0
0.0,0.0
0.0,0.0
0.0,0.0
0.0,0.0
0.0,0.0
0.0,0.0
0.0,0.0
0.0,0.0
0.0,0.0
-137.77912316597502,644.0459034039263
0.0,0.0
0.0,0.0
1327.5249861923742,2213.0492381290887
0.0,0.0
0.0,0.0
0.0,0.0
-394.22359032865927,-867.0235775400276
0.0,0.0
-119.50385561850284,-72.65707833846164
-259.80742347862525,-458.63251133549545
-263.2936409812249,-521.926542265838
0.0,0.0
0.0,0.0
0.0,0.0
54.892192337135825,277.91537450397766
0.0,0.0
-133.2120750322135,42.3991252968157
0.0,0.0
0.0,0.0
0.0,0.0
0.0,0.0
0.0,0.0
0.0,0.0
187.6828132327786,-650.0956358811306
746.3171868638548,220.04959602394348
0.0,0.0
0.0,0.0
0.0,0.0
0.0,0.0
0.0,0.0
0.0,0.0
0.0,0.0
0.0,0.0
0.0,0.0
547.6959347367819,1208.1385358872208
0.0,0.0
0.0,0.0
-101.09275518021035,-892.3833696233203
2431.6017626965277,-489.83661897937105
0.0,0.0
0.0,0.0
0.0,0.0
0.0,0.0
1154.667423447355,15.263369570617959
361.37188402547474,970.2491576120428
0.0,0.0
0.0,0.0
0.0,0.0
1363.5019517275969,1558.312946467845
0.0,0.0
0.0,0.0
0.0,0.0
0.0,0.0
0.0,0.0
0.0,0.0
0.0,0.0
0.0,0.0
0.0,0.0
125.81885470659795,275.07564362249406
0.0,0.0
0.0,0.0
0.0,0.0
0.0,0.0
249.4498556107071,60.34539685454836
0.0,0.0
0.0,0.0
0.0,0.0
0.0,0.0
0.0,0.0
0.0,0.0
0.0,0.0
0.0,0.0
0.0,0.0
0.0,0.0
0.0,0.0
0.0,0.0
0.0,0.0
603.8794223505455,52.691784047886834
0.0,0.0
0.0,0.0
0.0,0.0
0.0,0.0
0.0,0.0
0.0,0.0
0.0,0.0
0.0,0.0
0.0,0.0
0.0,0.0
0.0,0.0
0.0,0.0
0.0,0.0
0.0,0.0
0.0,0.0
0.0,0.0
0.0,0.0
0.0,0.0
0.0,0.0
-1148.172598262658,584.0616312609575
0.0,0.0
0.0,0.0
0.0,0.0
0.0,0.0
0.0,0.0
-2044.7260022189967,-1858.0308949554603
0.0,0.0
-215.78160378465267,-531.5865260104431
0.0,0.0
0.0,0.0
0.0,0.0
905.3510995029864,1217.881303418982
0.0,0.0
0.0,0.0
0.0,0.0
0.0,0.0
0.0,0.0
0.0,0.0
0.0,0.0
0.0,0.0
39.680949788113395,620.0203413426418
0.0,0.0
0.0,0.0
0.0,0.0
0.0,0.0
0.0,0.0
0.0,0.0
0.0,0.0
0.0,0.0
0.0,0.0
0.0,0.0
0.0,0.0
0.0,0.0
-6.647668027208455,130.70600764134105
-1500.723743714584,66.71600910725283
0.0,0.0
0.0,0.0
0.0,0.0
0.0,0.0
0.0,0.0
0.0,0.0
0.0,0.0
0.0,0.0
0.0,0.0
1217.6189211083406,99.21725012157516
0.0,0.0
0.0,0.0
0.0,0.0
0.0,0.0
0.0,0.0
-281.19014954621116,1085.448954213816
0.0,0.0
0.0,0.0
0.0,0.0
376.0088263393057,-378.20979240527635
0.0,0.0
0.0,0.0
0.0,0.0
0.0,0.0
0.0,0.0
0.0,0.0
0.0,0.0
0.0,0.0
237.850371999494,86.75369465594461
0.0,0.0
0.0,0.0
0.0,0.0
0.0,0.0
864.6905217084793,908.1979430376688
0.0,0.0
0.0,0.0
0.0,0.0
-865.585425451237,-1858.6434261574664
0.0,0.0
0.0,0.0
0.0,0.0
0.0,0.0
0.0,0.0
0.0,0.0
-91.44384100183103,96.02074296032787
0.0,0.0
0.0,0.0
0.0,0.0
0.0,0.0
0.0,0.0
0.0,0.0
0.0,0.0
0.0,0.0
0.0,0.0
0.0,0.0
0.0,0.0
0.0,0.0
0.0,0.0
0.0,0.0
0.0,0.0
0.0,0.0
-9.353580497304606,216.56464430637757
0.0,0.0
0.0,0.0
0.0,0.0
0.0,0.0
0.0,0.0
0.0,0.0
0.0,0.0
8.13413680944441,116.00138897383755
-308.1423361143487,-45.01025652577269
0.0,0.0
0.0,0.0
0.0,0.0
0.0,0.0
0.0,0.0
0.0,0.0
0.0,0.0
0.0,0.0
-876.280514614323,118.32147890528124
0.0,0.0
0.0,0.0
240.39019606588914,-337.80769203095
1144.282325443286,927.1823139891637
0.0,0.0
0.0,0.0
0.0,0.0
0.0,0.0
0.0,0.0
0.0,0.0
0.0,0.0
0.0,0.0
0.0,0.0
-96.30971811531602,593.7622493387196
0.0,0.0
0.0,0.0
0.0,0.0
0.0,0.0
0.0,0.0
0.0,0.0
0.0,0.0
0.0,0.0
0.0,0.0
0.0,0.0
0.0,0.0
0.0,0.0
0.0,0.0
0.0,0.0
0.0,0.0
0.0,0.0
0.0,0.0
0.0,0.0
0.0,0.0
0.0,0.0
0.0,0.0
0.0,0.0
-167.28778994236376,-172.52755959897928
0.0,0.0
0.0,0.0
0.0,0.0
0.0,0.0
-1563.0957680253061,-1967.9580020852895
0.0,0.0
0.0,0.0
0.0,0.0
0.0,0.0
0.0,0.0
0.0,0.0
0.0,0.0
0.0,0.0
0.0,0.0
0.0,0.0
0.0,0.0
0.0,0.0
0.0,0.0
0.0,0.0
0.0,0.0
-883.4685773949636,734.8551159842981
0.0,0.0
136.3967772953548,36.473747387217855
0.0,0.0
0.0,0.0
0.0,0.0
0.0,0.0
0.0,0.0
-4.923135572647133,-238.28038374396928
0.0,0.0
0.0,0.0
0.0,0.0
0.0,0.0
0.0,0.0
0.0,0.0
0.0,0.0
-1608.497614967267,360.63760169130717
0.0,0.0
0.0,0.0
184.7593028349997,-178.48601674577807
0.0,0.0
1329.1384850131806,1015.3407396026277
0.0,0.0
-816.0352280631994,11.686408950025791
0.0,0.0
0.0,0.0
0.0,0.0
729.4392807055624,-288.14082897072535
-1481.9891662210186,-2065.35253073648
-791.8340487359081,-457.4243127358693
0.0,0.0
0.0,0.0
0.0,0.0
0.0,0.0
0.0,0.0
86.36341409874186,405.81503701683357
0.0,0.0
0.0,0.0
0.0,0.0
0.0,0.0
0.0,0.0
0.0,0.0
0.0,0.0
-915.3931584411787,531.7961990185546
0.0,0.0
0.0,0.0
1432.2744954864636,-980.0084238700152
0.0,0.0
0.0,0.0
0.0,0.0
0.0,0.0
0.0,0.0
0.0,0.0
0.0,0.0
0.0,0.0
0.0,0.0
0.0,0.0
0.0,0.0
0.0,0.0
0.0,0.0
0.0,0.0
0.0,0.0
0.0,0.0
0.0,0.0
0.0,0.0
-1207.70154938373,563.899535790228
0.0,0.0
0.0,0.0
0.0,0.0
0.0,0.0
0.0,0.0
0.0,0.0
0.0,0.0
0.0,0.0
0.0,0.0
0.0,0.0
0.0,0.0
0.0,0.0
0.0,0.0
0.0,0.0
0.0,0.0
587.2236279449418,-542.8324860522746
0.0,0.0
0.0,0.0
0.0,0.0
0.0,0.0
0.0,0.0
0.0,0.0
0.0,0.0
187.08976497725308,136.99772257151412
0.0,0.0
0.0,0.0
0.0,0.0
0.0,0.0
0.0,0.0
0.0,0.0
0.0,0.0
0.0,0.0
-801.6991305137514,484.0175522460252
0.0,0.0
0.0,0.0
0.0,0.0
0.0,0.0
0.0,0.0
0.0,0.0
0.0,0.0
0.0,0.0
0.0,0.0
0.0,0.0
0.0,0.0
0.0,0.0
0.0,0.0
0.0,0.0
0.0,0.0
0.0,0.0
0.0,0.0
0.0,0.0
0.0,0.0
0.0,0.0
0.0,0.0
0.0,0.0
0.0,0.0
0.0,0.0
-870.9857688085121,1179.247702233956
0.0,0.0
0.0,0.0
151.5909295306229,-164.009935151825
0.0,0.0
0.0,0.0
-574.5671676653407,557.4199338201616
0.0,0.0
0.0,0.0
0.0,0.0
0.0,0.0
0.0,0.0
0.0,0.0
0.0,0.0
0.0,0.0
0.0,0.0
0.0,0.0
0.0,0.0
0.0,0.0
0.0,0.0
0.0,0.0
0.0,0.0
0.0,0.0
0.0,0.0
0.0,0.0
0.0,0.0
0.0,0.0
0.0,0.0
0.0,0.0
0.0,0.0
-3744.8590814657946,-845.9105570953952
0.0,0.0
0.0,0.0
0.0,0.0
0.0,0.0
0.0,0.0
0.0,0.0
0.0,0.0
0.0,0.0
0.0,0.0
0.0,0.0
-46.14648133979034,652.9450575466369
0.0,0.0
0.0,0.0
0.0,0.0
156.6899954773632,633.9137152272364
0.0,0.0
0.0,0.0
0.0,0.0
0.0,0.0
0.0,0.0
525.2323369504171,-2711.0684446375662
0.0,0.0
1592.0113132113026,209.76503996460667
0.0,0.0
0.0,0.0
0.0,0.0
0.0,0.0
275.40836579921336,-132.9926659676279
0.0,0.0
-80.33150900056181,-1170.9769751894357
0.0,0.0
376.66032680448615,-308.54490110168814
0.0,0.0
-1471.2066526533836,-410.6214753243273
0.0,0.0
0.0,0.0
0.0,0.0
0.0,0.0
0.0,0.0
0.0,0.0
0.0,0.0
354.9970596058266,108.75259288096132
573.6180525497857,351.5975934766937
329.1769304623673,-1090.8423385925867
0.0,0.0
0.0,0.0
0.0,0.0
0.0,0.0
0.0,0.0
132.6880211345246,-73.47394484190025
-74.83437110988923,33.43453119107856
0.0,0.0
0.0,0.0
0.0,0.0
4900.214739480785,-10359.415449846738
-1577.0740409551088,155.4337902197655
0.0,0.0
0.0,0.0
0.0,0.0
-585.8099711618361,-250.33791142756112
0.0,0.0
0.0,0.0
0.0,0.0
0.0,0.0
0.0,0.0
0.0,0.0
258.6923767772026,-120.75369962953113
0.0,0.0
0.0,0.0
0.0,0.0
0.0,0.0
0.0,0.0
0.0,0.0
0.0,0.0
-444.9019467009109,323.29912557105325
0.0,0.0
0.0,0.0
-100.15881295105167,-526.8427183722018
-168.42631091120433,-100.1341540631
0.0,0.0
417.9460006465582,47.554754592123444
0.0,0.0
0.0,0.0
0.0,0.0
0.0,0.0
0.0,0.0
0.0,0.0
-2622.4263628137824,-109.13299667768852
0.0,0.0
0.0,0.0
0.0,0.0
0.0,0.0
0.0,0.0
0.0,0.0
0.0,0.0
0.0,0.0
0.0,0.0
0.0,0.0
0.0,0.0
0.0,0.0
0.0,0.0
0.0,0.0
65.40044732559652,476.04489841671193
-1101.3283640498787,-501.41961536982285
441.217550415101,2037.973130439961
0.0,0.0
0.0,0.0
0.0,0.0
0.0,0.0
0.0,0.0
-1036.6493525506135,-1663.1485011564657
0.0,0.0
0.0,0.0
0.0,0.0
0.0,0.0
0.0,0.0
0.0,0.0
0.0,0.0
-215.49948259470284,55.93385461882244
0.0,0.0
0.0,0.0
0.0,0.0
0.0,0.0
0.0,0.0
0.0,0.0
0.0,0.0
0.0,0.0
0.0,0.0
0.0,0.0
0.0,0.0
0.0,0.0
0.0,0.0
0.0,0.0
-1028.0490330213574,-675.1473543399791
0.0,0.0
0.0,0.0
0.0,0.0
0.0,0.0
0.0,0.0
0.0,0.0
0.0,0.0
0.0,0.0
0.0,0.0
0.0,0.0
0.0,0.0
0.0,0.0
0.0,0.0
0.0,0.0
0.0,0.0
0.0,0.0
0.0,0.0
0.0,0.0
0.0,0.0
0.0,0.0
0.0,0.0
0.0,0.0
0.0,0.0
0.0,0.0
0.0,0.0
0.0,0.0
0.0,0.0
0.0,0.0
0.0,0.0
0.0,0.0
0.0,0.0
0.0,0.0
0.0,0.0
0.0,0.0
0.0,0.0
616.775375081456,195.6139435960013
0.0,0.0
0.0,0.0
0.0,0.0
0.0,0.0
0.0,0.0
0.0,0.0
0.0,0.0
0.0,0.0
0.0,0.0
0.0,0.0
0.0,0.0
0.0,0.0
0.0,0.0
0.0,0.0
0.0,0.0
0.0,0.0
0.0,0.0
-38.99990330474637,642.4778738385347
0.0,0.0
0.0,0.0
0.0,0.0
0.0,0.0
255.72561941881293,116.33482003315272
0.0,0.0
0.0,0.0
0.0,0.0
0.0,0.0
0.0,0.0
0.0,0.0
0.0,0.0
-11.788077999188715,-94.43173810598637
0.0,0.0
0.0,0.0
0.0,0.0
0.0,0.0
0.0,0.0
53.08201909884604,121.63985369431266
-245.03862955460087,-1370.223145318798
0.0,0.0
0.0,0.0
0.0,0.0
0.0,0.0
0.0,0.0
0.0,0.0
0.0,0.0
0.0,0.0
0.0,0.0
0.0,0.0
0.0,0.0
0.0,0.0
0.0,0.0
0.0,0.0
0.0,0.0
1071.9724917188964,-204.8316421403229
0.0,0.0
0.0,0.0
0.0,0.0
0.0,0.0
0.0,0.0
0.0,0.0
0.0,0.0
0.0,0.0
0.0,0.0
-2157.9070982009516,1318.001716926795
0.0,0.0
0.0,0.0
0.0,0.0
0.0,0.0
0.0,0.0
0.0,0.0
0.0,0.0
0.0,0.0
0.0,0.0
0.0,0.0
0.0,0.0
0.0,0.0
981.7374618295291,-70.17074809041537
0.0,0.0
0.0,0.0
3462.5732213548745,1342.6498544792842
0.0,0.0
0.0,0.0
0.0,0.0
0.0,0.0
0.0,0.0
0.0,0.0
0.0,0.0
0.0,0.0
0.0,0.0
645.6234460150786,601.7357932422689
0.0,0.0
0.0,0.0
0.0,0.0
0.0,0.0
0.0,0.0
0.0,0.0
0.0,0.0
0.0,0.0
0.0,0.0
0.0,0.0
0.0,0.0
0.0,0.0
0.0,0.0
0.0,0.0
0.0,0.0
0.0,0.0
0.0,0.0
0.0,0.0
0.0,0.0
0.0,0.0
0.0,0.0
0.0,0.0
0.0,0.0
0.0,0.0
0.0,0.0
0.0,0.0
0.0,0.0
0.0,0.0
0.0,0.0
0.0,0.0
0.0,0.0
0.0,0.0
0.0,0.0
0.0,0.0
0.0,0.0
0.0,0.0
-156.72153255732186,-89.20434063418051
0.0,0.0
0.0,0.0
0.0,0.0
0.0,0.0
0.0,0.0
0.0,0.0
0.0,0.0
0.0,0.0
0.0,0.0
0.0,0.0
0.0,0.0
0.0,0.0
0.0,0.0
0.0,0.0
0.0,0.0
0.0,0.0
0.0,0.0
0.0,0.0
0.0,0.0
0.0,0.0
0.0,0.0
0.0,0.0
0.0,0.0
-441.8870139740822,-25.262131590569094
0.0,0.0
0.0,0.0
0.0,0.0
0.0,0.0
0.0,0.0
0.0,0.0
0.0,0.0
-370.8435013380842,1708.3034459061796
0.0,0.0
0.0,0.0
343.80535859913545,242.1152436789526
0.0,0.0
0.0,0.0
0.0,0.0
-400.0503216885275,-238.7775918047948
233.95849043455362,1214.7528272353206
0.0,0.0
0.0,0.0
0.0,0.0
0.0,0.0
0.0,0.0
0.0,0.0
0.0,0.0
0.0,0.0
0.0,0.0
0.0,0.0
0.0,0.0
0.0,0.0
0.0,0.0
-428.2430784723035,392.6005968528798
0.0,0.0
0.0,0.0
0.0,0.0
-1121.7822168731884,-1117.3962905689639
0.0,0.0
0.0,0.0
0.0,0.0
0.0,0.0
0.0,0.0
-67.68757620677567,-190.80366939818708
0.0,0.0
0.0,0.0
916.8193732671276,434.66418006686075
0.0,0.0
0.0,0.0
0.0,0.0
0.0,0.0
0.0,0.0
0.0,0.0
0.0,0.0
0.0,0.0
0.0,0.0
0.0,0.0
0.0,0.0
1187.467433462316,-1721.0215997039147
0.0,0.0
0.0,0.0
0.0,0.0
0.0,0.0
0.0,0.0
0.0,0.0
-363.512683834282,701.7217820165516
0.0,0.0
0.0,0.0
0.0,0.0
-316.60269938431946,53.54301953835195
0.0,0.0
718.2441457171402,829.3608479536877
0.0,0.0
0.0,0.0
-254.86465470435422,353.6030964183161
0.0,0.0
0.0,0.0
0.0,0.0
0.0,0.0
0.0,0.0
0.0,0.0
-143.68765205329987,1065.0068493611213
0.0,0.0
0.0,0.0
-53.96848147983146,815.6434322989218
0.0,0.0
0.0,0.0
0.0,0.0
0.0,0.0
0.0,0.0
0.0,0.0
0.0,0.0
0.0,0.0
0.0,0.0
0.0,0.0
0.0,0.0
0.0,0.0
0.0,0.0
-338.51114112454735,-1941.1010878670322
0.0,0.0
212.3148302632392,-228.76381569367268
0.0,0.0
0.0,0.0
0.0,0.0
0.0,0.0
0.0,0.0
0.0,0.0
0.0,0.0
-416.10554735523516,-660.847145728748
0.0,0.0
0.0,0.0
0.0,0.0
0.0,0.0
0.0,0.0
1122.4597615039943,-77.41980142880422
0.0,0.0
0.0,0.0
0.0,0.0
0.0,0.0
-2280.2894510646443,-465.84339899072006
0.0,0.0
0.0,0.0
-320.0231728575507,-204.4767129534356
0.0,0.0
0.0,0.0
0.0,0.0
0.0,0.0
0.0,0.0
0.0,0.0
0.0,0.0
0.0,0.0
0.0,0.0
0.0,0.0
0.0,0.0
1256.9971693555005,531.6835484319174
0.0,0.0
0.0,0.0
507.8307804338619,474.11406140632965
0.0,0.0
0.0,0.0
0.0,0.0
0.0,0.0
0.0,0.0
0.0,0.0
0.0,0.0
0.0,0.0
0.0,0.0
0.0,0.0
0.0,0.0
0.0,0.0
0.0,0.0
0.0,0.0
0.0,0.0
0.0,0.0
0.0,0.0
0.0,0.0
1900.6408171838,-182.31463191135558
0.0,0.0
0.0,0.0
0.0,0.0
0.0,0.0
0.0,0.0
0.0,0.0
0.0,0.0
0.0,0.0
0.0,0.0
0.0,0.0
1172.7926204419246,672.9635912670228
0.0,0.0
0.0,0.0
0.0,0.0
0.0,0.0
0.0,0.0
0.0,0.0
0.0,0.0
0.0,0.0
0.0,0.0
0.0,0.0
0.0,0.0
0.0,0.0
0.0,0.0
0.0,0.0
0.0,0.0
0.0,0.0
0.0,0.0
-379.6601842155688,45.4701292696918
0.0,0.0
0.0,0.0
0.0,0.0
0.0,0.0
0.0,0.0
0.0,0.0
0.0,0.0
0.0,0.0
0.0,0.0
0.0,0.0
0.0,0.0
0.0,0.0
0.0,0.0
0.0,0.0
0.0,0.0
0.0,0.0
0.0,0.0
0.0,0.0
0.0,0.0
0.0,0.0
0.0,0.0
0.0,0.0
0.0,0.0
0.0,0.0
0.0,0.0
0.0,0.0
0.0,0.0
0.0,0.0
0.0,0.0
-81.39670260693609,-1019.3144553657405
0.0,0.0
0.0,0.0
0.0,0.0
0.0,0.0
0.0,0.0
0.0,0.0
0.0,0.0
0.0,0.0
0.0,0.0
0.0,0.0
0.0,0.0
0.0,0.0
0.0,0.0
0.0,0.0
0.0,0.0
0.0,0.0
0.0,0.0
0.0,0.0
0.0,0.0
0.0,0.0
0.0,0.0
0.0,0.0
0.0,0.0
0.0,0.0
0.0,0.0
0.0,0.0
0.0,0.0
0.0,0.0
0.0,0.0
0.0,0.0
0.0,0.0
0.0,0.0
-2231.426007192498,42.60813876907142
0.0,0.0
0.0,0.0
0.0,0.0
-2538.340499444177,133.2493956382297
0.0,0.0
0.0,0.0
0.0,0.0
0.0,0.0
0.0,0.0
-610.6883092690293,677.7660655381028
1646.5527857464438,-26.73446305416819
0.0,0.0
0.0,0.0
0.0,0.0
100.71535607091351,1806.8205309400716
0.0,0.0
0.0,0.0
0.0,0.0
0.0,0.0
0.0,0.0
0.0,0.0
0.0,0.0
0.0,0.0
0.0,0.0
0.0,0.0
0.0,0.0
0.0,0.0
0.0,0.0
0.0,0.0
0.0,0.0
0.0,0.0
0.0,0.0
0.0,0.0
0.0,0.0
0.0,0.0
0.0,0.0
2636.585254661038,464.22417020229216
0.0,0.0
0.0,0.0
0.0,0.0
0.0,0.0
0.0,0.0
0.0,0.0
0.0,0.0
0.0,0.0
0.0,0.0
0.0,0.0
0.0,0.0
0.0,0.0
0.0,0.0
0.0,0.0
0.0,0.0
0.0,0.0
0.0,0.0
0.0,0.0
-833.235149149627,-399.0565898314937
0.0,0.0
0.0,0.0
0.0,0.0
0.0,0.0
-920.7808160120875,-522.7953260820954
888.472073649396,1652.192053748807
0.0,0.0
0.0,0.0
0.0,0.0
0.0,0.0
0.0,0.0
0.0,0.0
0.0,0.0
0.0,0.0
909.0991213510891,196.85969334778028
0.0,0.0
0.0,0.0
0.0,0.0
0.0,0.0
-565.9689783175489,-450.8499840820908
0.0,0.0
0.0,0.0
-1501.4460031055055,-752.316962027438
0.0,0.0
0.0,0.0
214.8964998739413,-64.36448855294692
0.0,0.0
0.0,0.0
0.0,0.0
0.0,0.0
290.6251433071088,-699.426035772436
0.0,0.0
0.0,0.0
0.0,0.0
0.0,0.0
0.0,0.0
0.0,0.0
0.0,0.0
0.0,0.0
0.0,0.0
0.0,0.0
0.0,0.0
0.0,0.0
0.0,0.0
-795.5965518107503,-372.2900750675375
0.0,0.0
0.0,0.0
0.0,0.0
0.0,0.0
0.0,0.0
-2496.4470605118013,350.2222381648435
0.0,0.0
0.0,0.0
0.0,0.0
0.0,0.0
0.0,0.0
0.0,0.0
0.0,0.0
0.0,0.0
0.0,0.0
0.0,0.0
0.0,0.0
0.0,0.0
0.0,0.0
0.0,0.0
-2418.993451765246,-122.19100055954796
550.716236270257,-670.3327906682063
0.0,0.0
0.0,0.0
0.0,0.0
0.0,0.0
0.0,0.0
0.0,0.0
0.0,0.0
0.0,0.0
0.0,0.0
0.0,0.0
0.0,0.0
0.0,0.0
0.0,0.0
-1997.5799076103929,-913.7445169462787
0.0,0.0
0.0,0.0
0.0,0.0
0.0,0.0
0.0,0.0
0.0,0.0
0.0,0.0
0.0,0.0
0.0,0.0
-635.5977582446476,498.81566570994556
0.0,0.0
1864.6304523533086,1306.3773547130306
0.0,0.0
-2723.064654521725,-678.8184526458467
-76.17805678126109,-157.72934299605276
721.3700780541868,200.5198363579525
0.0,0.0
0.0,0.0
109.93967852013009,-396.3675135302618
0.0,0.0
0.0,0.0
0.0,0.0
0.0,0.0
0.0,0.0
0.0,0.0
0.0,0.0
0.0,0.0
0.0,0.0
1433.9620400656818,-1064.57029982943
0.0,0.0
0.0,0.0
0.0,0.0
0.0,0.0
0.0,0.0
0.0,0.0
0.0,0.0
0.0,0.0
0.0,0.0
0.0,0.0
0.0,0.0
0.0,0.0
0.0,0.0
0.0,0.0
0.0,0.0
0.0,0.0
0.0,0.0
0.0,0.0
0.0,0.0
0.0,0.0
0.0,0.0
0.0,0.0
0.0,0.0
-331.71703714263464,-133.98562283117417
0.0,0.0
0.0,0.0
463.4058496604607,146.89942472976634
-957.3439513979005,-734.9038618482838
-396.3434351234992,-307.41681129486653
0.0,0.0
-887.3142002523922,394.25442087249473
0.0,0.0
0.0,0.0
0.0,0.0
0.0,0.0
0.0,0.0
0.0,0.0
-811.4011157133979,2118.547806582288
-2070.4855209645198,722.2303644920814
-1176.5494824676255,486.9078510024191
-105.07497205915959,-497.24991509260406
0.0,0.0
0.0,0.0
0.0,0.0
0.0,0.0
0.0,0.0
0.0,0.0
0.0,0.0
0.0,0.0
0.0,0.0
0.0,0.0
1692.9552118634535,424.38683022980626
0.0,0.0
0.0,0.0
0.0,0.0
0.0,0.0
0.0,0.0
0.0,0.0
0.0,0.0
0.0,0.0
0.0,0.0
0.0,0.0
0.0,0.0
0.0,0.0
0.0,0.0
-73.92996166144621,-155.28126852823635
0.0,0.0
0.0,0.0
0.0,0.0
2603.7624218966253,-117.4056341571732
0.0,0.0
-817.5256380274964,-2582.953203187849
0.0,0.0
0.0,0.0
0.0,0.0
0.0,0.0
0.0,0.0
0.0,0.0
0.0,0.0
0.0,0.0
0.0,0.0
0.0,0.0
0.0,0.0
0.0,0.0
0.0,0.0
0.0,0.0
0.0,0.0
-1590.1714802239285,99.28580297732228
0.0,0.0
0.0,0.0
0.0,0.0
1152.6755260800503,1266.4782199740646
0.0,0.0
0.0,0.0
0.0,0.0
0.0,0.0
0.0,0.0
0.0,0.0
0.0,0.0
0.0,0.0
0.0,0.0
0.0,0.0
0.0,0.0
0.0,0.0
0.0,0.0
0.0,0.0
0.0,0.0
0.0,0.0
0.0,0.0
0.0,0.0
0.0,0.0
0.0,0.0
0.0,0.0
0.0,0.0
0.0,0.0
0.0,0.0
0.0,0.0
0.0,0.0
0.0,0.0
0.0,0.0
0.0,0.0
976.7594613329555,-1096.1208212650063
0.0,0.0
0.0,0.0
0.0,0.0
0.0,0.0
0.0,0.0
0.0,0.0
0.0,0.0
0.0,0.0
0.0,0.0
0.0,0.0
0.0,0.0
0.0,0.0
0.0,0.0
0.0,0.0
0.0,0.0
0.0,0.0
0.0,0.0
0.0,0.0
-359.020934218767,2158.7897972297446
0.0,0.0
0.0,0.0
0.0,0.0
0.0,0.0
0.0,0.0
0.0,0.0
0.0,0.0
0.0,0.0
0.0,0.0
0.0,0.0
0.0,0.0
0.0,0.0
0.0,0.0
0.0,0.0
0.0,0.0
0.0,0.0
0.0,0.0
-1140.164945134339,529.0070418472638
0.0,0.0
0.0,0.0
0.0,0.0
0.0,0.0
0.0,0.0
0.0,0.0
0.0,0.0
0.0,0.0
0.0,0.0
0.0,0.0
-2.8582865118808347,-336.4889489081076
0.0,0.0
0.0,0.0
0.0,0.0
0.0,0.0
0.0,0.0
0.0,0.0
0.0,0.0
0.0,0.0
0.0,0.0
0.0,0.0
0.0,0.0
0.0,0.0
0.0,0.0
0.0,0.0
0.0,0.0
0.0,0.0
0.0,0.0
0.0,0.0
0.0,0.0
152.58894950209324,-154.17235268295374
0.0,0.0
-137.68529465903677,428.5058367295557
0.0,0.0
0.0,0.0
0.0,0.0
0.0,0.0
0.0,0.0
0.0,0.0
0.0,0.0
0.0,0.0
0.0,0.0
0.0,0.0
0.0,0.0
0.0,0.0
0.0,0.0
2639.1415875195066,-5343.929512061094
0.0,0.0
0.0,0.0
0.0,0.0
0.0,0.0
0.0,0.0
0.0,0.0
0.0,0.0
0.0,0.0
0.0,0.0
0.0,0.0
0.0,0.0
0.0,0.0
0.0,0.0
0.0,0.0
0.0,0.0
0.0,0.0
177.66173192382468,98.15337761673618
0.0,0.0
0.0,0.0
0.0,0.0
0.0,0.0
0.0,0.0
0.0,0.0
0.0,0.0
0.0,0.0
0.0,0.0
0.0,0.0
0.0,0.0
0.0,0.0
0.0,0.0
0.0,0.0
0.0,0.0
0.0,0.0
0.0,0.0
0.0,0.0
0.0,0.0
0.0,0.0
0.0,0.0
0.0,0.0
-1479.3662179477412,-812.536041819141
0.0,0.0
-5.021127104191739,-483.590740932525
0.0,0.0
0.0,0.0
-314.3740082458365,17.815340048956426
0.0,0.0
0.0,0.0
0.0,0.0
0.0,0.0
0.0,0.0
0.0,0.0
0.0,0.0
0.0,0.0
-356.5950705846592,929.3669865965693
-1434.3273979810106,0.7510349622729304
0.0,0.0
-614.394090476058,328.13173395286384
0.0,0.0
0.0,0.0
0.0,0.0
0.0,0.0
-408.11577125950595,-612.5285635429216
88.51559668369971,-110.02803590809684
0.0,0.0
0.0,0.0
0.0,0.0
0.0,0.0
1135.1393907304002,31.331249226605436
0.0,0.0
0.0,0.0
1726.9068981453477,455.532987770268
0.0,0.0
0.0,0.0
0.0,0.0
0.0,0.0
0.0,0.0
0.0,0.0
0.0,0.0
155.301185017284,-42.390761186021635
0.0,0.0
0.0,0.0
0.0,0.0
0.0,0.0
0.0,0.0
0.0,0.0
0.0,0.0
0.0,0.0
0.0,0.0
0.0,0.0
0.0,0.0
-0.6743237863091895,401.36027255783546
0.0,0.0
0.0,0.0
0.0,0.0
0.0,0.0
0.0,0.0
0.0,0.0
-241.1143034524733,-98.80352630053525
0.0,0.0
0.0,0.0
0.0,0.0
0.0,0.0
0.0,0.0
0.0,0.0
352.5506685855622,-406.81971607392626
0.0,0.0
0.0,0.0
0.0,0.0
0.0,0.0
0.0,0.0
0.0,0.0
0.0,0.0
0.0,0.0
0.0,0.0
0.0,0.0
0.0,0.0
0.0,0.0
0.0,0.0
0.0,0.0
0.0,0.0
0.0,0.0
144.10041260306824,351.0066280005224
0.0,0.0
-3186.5687792576655,1590.4471357032332
-320.9143461080203,-1116.1554125117582
0.0,0.0
2344.879735880837,821.3554995102469
0.0,0.0
0.0,0.0
0.0,0.0
0.0,0.0
0.0,0.0
0.0,0.0
0.0,0.0
998.8811233817728,-336.1381358117897
0.0,0.0
0.0,0.0
0.0,0.0
0.0,0.0
0.0,0.0
0.0,0.0
0.0,0.0
0.0,0.0
0.0,0.0
0.0,0.0
0.0,0.0
0.0,0.0
0.0,0.0
0.0,0.0
0.0,0.0
0.0,0.0
0.0,0.0
0.0,0.0
0.0,0.0
0.0,0.0
0.0,0.0
0.0,0.0
0.0,0.0
0.0,0.0
0.0,0.0
0.0,0.0
242.8061338878715,-732.0208497942583
0.0,0.0
0.0,0.0
0.0,0.0
0.0,0.0
0.0,0.0
0.0,0.0
0.0,0.0
0.0,0.0
0.0,0.0
-740.4758335762901,-141.4553815452734
0.0,0.0
0.0,0.0
0.0,0.0
0.0,0.0
0.0,0.0
0.0,0.0
0.0,0.0
-1231.149591134167,377.49113957427653
0.0,0.0
0.0,0.0
0.0,0.0
0.0,0.0
0.0,0.0
0.0,0.0
0.0,0.0
0.0,0.0
0.0,0.0
0.0,0.0
0.0,0.0
0.0,0.0
1299.493480627697,55.80370330310319
0.0,0.0
2543.009224221178,-341.10772225239
0.0,0.0
0.0,0.0
0.0,0.0
0.0,0.0
0.0,0.0
0.0,0.0
0.0,0.0
0.0,0.0
0.0,0.0
0.0,0.0
0.0,0.0
0.0,0.0
0.0,0.0
0.0,0.0
1566.801420329205,1468.0041945078958
0.0,0.0
0.0,0.0
174.39440107851627,605.4772966190634
0.0,0.0
0.0,0.0
0.0,0.0
0.0,0.0
0.0,0.0
0.0,0.0
0.0,0.0
391.0806556047895,-214.2801547757378
0.0,0.0
0.0,0.0
0.0,0.0
0.0,0.0
0.0,0.0
0.0,0.0
0.0,0.0
0.0,0.0
0.0,0.0
0.0,0.0
0.0,0.0
0.0,0.0
0.0,0.0
0.0,0.0
0.0,0.0
0.0,0.0
0.0,0.0
0.0,0.0
0.0,0.0
0.0,0.0
0.0,0.0
0.0,0.0
0.0,0.0
-2221.249977958859,-2828.5294834283477
0.0,0.0
0.0,0.0
0.0,0.0
0.0,0.0
0.0,0.0
0.0,0.0
0.0,0.0
0.0,0.0
0.0,0.0
0.0,0.0
0.0,0.0
0.0,0.0
0.0,0.0
2856.5180021269744,-831.8216301844383
0.0,0.0
0.0,0.0
0.0,0.0
0.0,0.0
0.0,0.0
0.0,0.0
0.0,0.0
0.0,0.0
0.0,0.0
0.0,0.0
-130.30500320988904,334.1293513293021
0.0,0.0
0.0,0.0
80.60439332672247,-99.66259806252125
-163.81016110879537,229.49875265248323
0.0,0.0
0.0,0.0
0.0,0.0
0.0,0.0
0.0,0.0
0.0,0.0
-662.7596462579786,-606.9419655884492
0.0,0.0
0.0,0.0
0.0,0.0
0.0,0.0
0.0,0.0
0.0,0.0
0.0,0.0
0.0,0.0
0.0,0.0
0.0,0.0
0.0,0.0
0.0,0.0
0.0,0.0
0.0,0.0
0.0,0.0
0.0,0.0
0.0,0.0
-606.2117151179932,-882.7395232302047
0.0,0.0
0.0,0.0
0.0,0.0
0.0,0.0
0.0,0.0
0.0,0.0
0.0,0.0
0.0,0.0
0.0,0.0
0.0,0.0
0.0,0.0
0.0,0.0
0.0,0.0
0.0,0.0
0.0,0.0
0.0,0.0
0.0,0.0
0.0,0.0
0.0,0.0
0.0,0.0
0.0,0.0
0.0,0.0
0.0,0.0
0.0,0.0
0.0,0.0
0.0,0.0
-409.1702283999845,-152.1448448274728
0.0,0.0
0.0,0.0
0.0,0.0
0.0,0.0
0.0,0.0
0.0,0.0
0.0,0.0
0.0,0.0
0.0,0.0
0.0,0.0
0.0,0.0
0.0,0.0
0.0,0.0
0.0,0.0
0.0,0.0
0.0,0.0
0.0,0.0
0.0,0.0
0.0,0.0
0.0,0.0
682.9358269725898,1277.6913239761052
0.0,0.0
0.0,0.0
0.0,0.0
0.0,0.0
0.0,0.0
0.0,0.0
0.0,0.0
0.0,0.0
0.0,0.0
0.0,0.0
0.0,0.0
0.0,0.0
0.0,0.0
0.0,0.0
0.0,0.0
0.0,0.0
0.0,0.0
239.63839349403202,-142.94953654265603
0.0,0.0
0.0,0.0
0.0,0.0
0.0,0.0
0.0,0.0
0.0,0.0
0.0,0.0
0.0,0.0
0.0,0.0
0.0,0.0
0.0,0.0
0.0,0.0
0.0,0.0
0.0,0.0
0.0,0.0
0.0,0.0
0.0,0.0
413.3655837388522,1241.6065167881977
-52.0571220664687,-342.2886563159503
1950.841700405866,71.82906650466906
6.977689705313386,258.6931554964131
0.0,0.0
0.0,0.0
0.0,0.0
0.0,0.0
93.47149759463166,-374.7416482605822
0.0,0.0
254.0207515874275,-2111.5628875647585
0.0,0.0
0.0,0.0
0.0,0.0
0.0,0.0
0.0,0.0
0.0,0.0
242.49683611965065,-323.11097193329005
0.0,0.0
0.0,0.0
0.0,0.0
-618.1354823009735,247.15799575597137
0.0,0.0
0.0,0.0
0.0,0.0
0.0,0.0
0.0,0.0
0.0,0.0
769.3510479127538,88.59156325020383
0.0,0.0
0.0,0.0
0.0,0.0
0.0,0.0
0.0,0.0
0.0,0.0
-710.8758834749906,1823.736353111548
0.0,0.0
0.0,0.0
-660.9175676608688,476.38161124726867
0.0,0.0
0.0,0.0
0.0,0.0
-3760.5017076794743,300.89760863051566
0.0,0.0
0.0,0.0
0.0,0.0
0.0,0.0
0.0,0.0
0.0,0.0
0.0,0.0
0.0,0.0
0.0,0.0
0.0,0.0
0.0,0.0
0.0,0.0
0.0,0.0
0.0,0.0
0.0,0.0
0.0,0.0
0.0,0.0
0.0,0.0
0.0,0.0
0.0,0.0
0.0,0.0
0.0,0.0
0.0,0.0
631.1907513743879,-1151.5505483696934
0.0,0.0
391.88568145553035,-244.28270003699154
0.0,0.0
0.0,0.0
0.0,0.0
0.0,0.0
0.0,0.0
0.0,0.0
0.0,0.0
0.0,0.0
0.0,0.0
0.0,0.0
0.0,0.0
0.0,0.0
0.0,0.0
0.0,0.0
0.0,0.0
0.0,0.0
-34.77500562396353,-116.63447461460203
-830.8442290367485,417.7026576920422
0.0,0.0
-774.559163420868,-386.56965545160034
0.0,0.0
0.0,0.0
0.0,0.0
-1115.4893577980376,748.5719265562154
0.0,0.0
0.0,0.0
0.0,0.0
0.0,0.0
0.0,0.0
252.0544780138557,-36.88058118906918
0.0,0.0
0.0,0.0
0.0,0.0
0.0,0.0
0.0,0.0
0.0,0.0
0.0,0.0
0.0,0.0
0.0,0.0
0.0,0.0
0.0,0.0
0.0,0.0
0.0,0.0
0.0,0.0
0.0,0.0
0.0,0.0
0.0,0.0
0.0,0.0
0.0,0.0
0.0,0.0
0.0,0.0
0.0,0.0
0.0,0.0
0.0,0.0
2132.6877820656973,2303.4574418146253
0.0,0.0
0.0,0.0
0.0,0.0
0.0,0.0
0.0,0.0
0.0,0.0
0.0,0.0
0.0,0.0
0.0,0.0
0.0,0.0
0.0,0.0
0.0,0.0
0.0,0.0
0.0,0.0
0.0,0.0
0.0,0.0
0.0,0.0
0.0,0.0
0.0,0.0
0.0,0.0
0.0,0.0
0.0,0.0
0.0,0.0
0.0,0.0
0.0,0.0
0.0,0.0
0.0,0.0
0.0,0.0
0.0,0.0
0.0,0.0
0.0,0.0
0.0,0.0
1183.1659157546817,226.86582829233367
0.0,0.0
0.0,0.0
0.0,0.0
0.0,0.0
-589.2453449819955,1075.6959876467718
-1136.339365861517,469.84131764050187
-109.34307230495087,-112.1899579760895
0.0,0.0
2931.3723429420165,331.04881754744736
0.0,0.0
0.0,0.0
0.0,0.0
0.0,0.0
0.0,0.0
0.0,0.0
0.0,0.0
0.0,0.0
0.0,0.0
0.0,0.0
0.0,0.0
0.0,0.0
0.0,0.0
677.7437541789111,280.7135149442717
0.0,0.0
0.0,0.0
0.0,0.0
0.0,0.0
0.0,0.0
0.0,0.0
-1032.2577585237013,-1356.4347177293082
-391.67996368526184,103.39006381997446
0.0,0.0
0.0,0.0
0.0,0.0
0.0,0.0
0.0,0.0
0.0,0.0
0.0,0.0
0.0,0.0
0.0,0.0
0.0,0.0
0.0,0.0
0.0,0.0
0.0,0.0
0.0,0.0
0.0,0.0
0.0,0.0
0.0,0.0
0.0,0.0
0.0,0.0
0.0,0.0
-32.70003649827746,-224.01115219965607
0.0,0.0
0.0,0.0
0.0,0.0
0.0,0.0
0.0,0.0
0.0,0.0
0.0,0.0
